words	sentence
run, annoy, ecstatic, ski racing, fine dining, everlasting	When Ali and Sam run down the aisle we will be there to annoy them. We are so ecstatic for them. We wish them many years of ski racing and fine dining in their everlasting marriage.
crawl, get drunk with them, happy, unique experiences, happines, blank	When Ali and Sam crawl down the aisle we will be there to get drunk with them them. We are so happy for them. We wish them many years of unique experiences and happines in their blank marriage.
skip, cheer for, happy, laughter, fun, beautiful	When Ali and Sam skip down the aisle we will be there to cheer for them. We are so happy for them. We wish them many years of laughter and fun in their beautiful marriage.
walk, rejoice with, thrilled, joy, fulfillment, continuing 	When Ali and Sam walk down the aisle we will be there to rejoice with them. We are so thrilled for them. We wish them many years of joy and fulfillment in their continuing marriage.
dance, celebrate, thrilled, joy, blessings, beautiful	When Ali and Sam dance down the aisle we will be there to celebrate them. We are so thrilled for them. We wish them many years of joy and blessings in their beautiful marriage.
dance, dance with, thrilled, love, prosperity, blessed	When Ali and Sam dance down the aisle we will be there to dance with them. We are so thrilled for them. We wish them many years of love and prosperity in their blessed marriage.
curise, celebrate, happy, love, laughter, long ass	When Ali and Sam curise down the aisle we will be there to celebrate them. We are so happy for them. We wish them many years of love and laughter in their long ass marriage.
cruise, moon, overboard, fair winds, smooth sailing, celestial 	When Ali and Sam cruise down the aisle we will be there to moon them. We are so overboard for them. We wish them many years of fair winds and smooth sailing in their celestial marriage.
skip, hug, excited, giggles , love, forever	When Ali and Sam skip down the aisle we will be there to hug them. We are so excited for them. We wish them many years of giggles and love in their forever marriage.
stroll, celebrate, excited, adventure, happiness, new	When Ali and Sam stroll down the aisle we will be there to celebrate them. We are so excited for them. We wish them many years of adventure and happiness in their new marriage.
stride, draft, on such a runner's high, naked running, positive plits, rungasmic	When Ali and Sam stride down the aisle we will be there to draft them. We are so on such a runner's high for them. We wish them many years of naked running and positive plits in their rungasmic marriage.
meander, watch, excited, health, happiness, new	When Ali and Sam meander down the aisle we will be there to watch them. We are so excited for them. We wish them many years of health and happiness in their new marriage.
sprint, celebrate, excited, health, happiness, stupendous	When Ali and Sam sprint down the aisle we will be there to celebrate them. We are so excited for them. We wish them many years of health and happiness in their stupendous marriage.
jump, hold, delighted, joy, mazel, awesome	When Ali and Sam jump down the aisle we will be there to hold them. We are so delighted for them. We wish them many years of joy and mazel in their awesome marriage.
bike, roast, overwhelmingly happy, kindness, adventures, michelle devine	When Ali and Sam bike down the aisle we will be there to roast them. We are so overwhelmingly happy for them. We wish them many years of kindness and adventures in their michelle devine marriage.
dance, celebrate, happy, health, happiness, beautiful	When Ali and Sam dance down the aisle we will be there to celebrate them. We are so happy for them. We wish them many years of health and happiness in their beautiful marriage.
walk, celebrate, excited, love, laughter, beautiful	When Ali and Sam walk down the aisle we will be there to celebrate them. We are so excited for them. We wish them many years of love and laughter in their beautiful marriage.
groove, love, pumped, adventures, laughs, beautiful	When Ali and Sam groove down the aisle we will be there to love them. We are so pumped for them. We wish them many years of adventures and laughs in their beautiful marriage.
run, skal, mildly excited, elite vacuuming, napping, first and last	When Ali and Sam run down the aisle we will be there to skal them. We are so mildly excited for them. We wish them many years of elite vacuuming and napping in their first and last marriage.
race, drink with, excited, good cooking, wine drinking, pet-less	When Ali and Sam race down the aisle we will be there to drink with them. We are so excited for them. We wish them many years of good cooking and wine drinking in their pet-less marriage.
horseback ride, canoe, curly, baby, cat, bright	When Ali and Sam horseback ride down the aisle we will be there to canoe them. We are so curly for them. We wish them many years of baby and cat in their bright marriage.
runs and sleepwalks, hora, elevated, eating sam's gormet food, cofee and bagels, adventerous	When Ali and Sam runs and sleepwalks down the aisle we will be there to hora them. We are so elevated for them. We wish them many years of eating sam's gormet food and cofee and bagels in their adventerous marriage.
kerplunk, dance, spicy, ice cream, poop, sleepy	When Ali and Sam kerplunk down the aisle we will be there to dance them. We are so spicy for them. We wish them many years of ice cream and poop in their sleepy marriage.
gyrate, boogie, wako, mazel tov, wow wow, sexy	When Ali and Sam gyrate down the aisle we will be there to boogie them. We are so wako for them. We wish them many years of mazel tov and wow wow in their sexy marriage.
carwheeled, award a 10, jumpy, sex, ice cream, no pets allowed	When Ali and Sam carwheeled down the aisle we will be there to award a 10 them. We are so jumpy for them. We wish them many years of sex and ice cream in their no pets allowed marriage.
saunter, celebrate, ecstatic, laughter, adventure, loving	When Ali and Sam saunter down the aisle we will be there to celebrate them. We are so ecstatic for them. We wish them many years of laughter and adventure in their loving marriage.
hopefully don't trip, laugh at, unprepared, brunch, brinner, throuple	When Ali and Sam hopefully don't trip down the aisle we will be there to laugh at them. We are so unprepared for them. We wish them many years of brunch and brinner in their throuple marriage.
moonwalk, celebrate, excited, love, good food, amazing	When Ali and Sam moonwalk down the aisle we will be there to celebrate them. We are so excited for them. We wish them many years of love and good food in their amazing marriage.
skip, celebrate, excited, love, grilling, happy	When Ali and Sam skip down the aisle we will be there to celebrate them. We are so excited for them. We wish them many years of love and grilling in their happy marriage.
groove, squeeze, out of control, making out, love, tindertastic	When Ali and Sam groove down the aisle we will be there to squeeze them. We are so out of control for them. We wish them many years of making out and love in their tindertastic marriage.
run, embrace, giddy, dinner parties, tequilla, lit	When Ali and Sam run down the aisle we will be there to embrace them. We are so giddy for them. We wish them many years of dinner parties and tequilla in their lit marriage.
waltz, cheer, excited, falling asleep, cleaning bathrooms, wonderful	When Ali and Sam waltz down the aisle we will be there to cheer them. We are so excited for them. We wish them many years of falling asleep and cleaning bathrooms in their wonderful marriage.
slide safely, serenade them with sinatras ny ny, excited, yankees wins, red sox losses, superfunhappy	When Ali and Sam slide safely down the aisle we will be there to serenade them with sinatras ny ny them. We are so excited for them. We wish them many years of yankees wins and red sox losses in their superfunhappy marriage.
run a 5k, joyously cheer, thrilled, health, happiness, loving	When Ali and Sam run a 5k down the aisle we will be there to joyously cheer them. We are so thrilled for them. We wish them many years of health and happiness in their loving marriage.
run, cheer, tachycardic, cold polar, sun drenched hikes?, wonderful	When Ali and Sam run down the aisle we will be there to cheer them. We are so tachycardic for them. We wish them many years of cold polar and sun drenched hikes? in their wonderful marriage.
sprint, hi five, jubilant, naps, brisket, everlasting	When Ali and Sam sprint down the aisle we will be there to hi five them. We are so jubilant for them. We wish them many years of naps and brisket in their everlasting marriage.
schmooze, smell, confused, runs, statistics, odd	When Ali and Sam schmooze down the aisle we will be there to smell them. We are so confused for them. We wish them many years of runs and statistics in their odd marriage.
wiggle, boop, fizzy, holey pants, ice cream, dope	When Ali and Sam wiggle down the aisle we will be there to boop them. We are so fizzy for them. We wish them many years of holey pants and ice cream in their dope marriage.
somersault, high-five, jubilant, adventures, coitus, second	When Ali and Sam somersault down the aisle we will be there to high-five them. We are so jubilant for them. We wish them many years of adventures and coitus in their second marriage.
shimmy, do the YMCA with, jazzed, athleta shopping trips, couch potato days, pulchritudinous	When Ali and Sam shimmy down the aisle we will be there to do the YMCA with them. We are so jazzed for them. We wish them many years of athleta shopping trips and couch potato days in their pulchritudinous marriage.
shimmy, cheer, eager, cooking, ice cream, boujee	When Ali and Sam shimmy down the aisle we will be there to cheer them. We are so eager for them. We wish them many years of cooking and ice cream in their boujee marriage.
flush, accost, jazzed, money, power, dope	When Ali and Sam flush down the aisle we will be there to accost them. We are so jazzed for them. We wish them many years of money and power in their dope marriage.
walk, celebrate, happy, love, happiness, beautiful	When Ali and Sam walk down the aisle we will be there to celebrate them. We are so happy for them. We wish them many years of love and happiness in their beautiful marriage.
boogie, make merry with, over the moon , pharmacokinetics and sabermetrics , amazing adventures, boss	When Ali and Sam boogie down the aisle we will be there to make merry with them. We are so over the moon for them. We wish them many years of pharmacokinetics and sabermetrics and amazing adventures in their boss marriage.
sleep, drive, beautiful, pizza, ice cream, sharp	When Ali and Sam sleep down the aisle we will be there to drive them. We are so beautiful for them. We wish them many years of pizza and ice cream in their sharp marriage.
skip, scream for, elated, ice cream, baseball, fun	When Ali and Sam skip down the aisle we will be there to scream for them. We are so elated for them. We wish them many years of ice cream and baseball in their fun marriage.
traipse, celebrate, elated, joy, fun, wonderful	When Ali and Sam traipse down the aisle we will be there to celebrate them. We are so elated for them. We wish them many years of joy and fun in their wonderful marriage.
mosey, celebrate, excited, love, health, amazing	When Ali and Sam mosey down the aisle we will be there to celebrate them. We are so excited for them. We wish them many years of love and health in their amazing marriage.
float, embrace, verklempt, ice cream, powdery runs, blissful	When Ali and Sam float down the aisle we will be there to embrace them. We are so verklempt for them. We wish them many years of ice cream and powdery runs in their blissful marriage.
skip, cheer, excited, latkes, brisket, jewish	When Ali and Sam skip down the aisle we will be there to cheer them. We are so excited for them. We wish them many years of latkes and brisket in their jewish marriage.
run, celebrate, thrilled, joy, love, beautiful	When Ali and Sam run down the aisle we will be there to celebrate them. We are so thrilled for them. We wish them many years of joy and love in their beautiful marriage.
skip, see, happy, blessings, happiness, wonderful	When Ali and Sam skip down the aisle we will be there to see them. We are so happy for them. We wish them many years of blessings and happiness in their wonderful marriage.
walk, watch, excited, prosperity, happiness, wonderful	When Ali and Sam walk down the aisle we will be there to watch them. We are so excited for them. We wish them many years of prosperity and happiness in their wonderful marriage.
walk, kiss, happy, love, caring, new	When Ali and Sam walk down the aisle we will be there to kiss them. We are so happy for them. We wish them many years of love and caring in their new marriage.
walk, celebrate, excited, love, laughter, long	When Ali and Sam walk down the aisle we will be there to celebrate them. We are so excited for them. We wish them many years of love and laughter in their long marriage.
saunter, cheer, ecstatic, love, peace, strong, respectful	When Ali and Sam saunter down the aisle we will be there to cheer them. We are so ecstatic for them. We wish them many years of love and peace in their strong, respectful marriage.
dance, celebrate, excited, joy, love, nan	
sashay, salute, exultant, yankees , redsox, mixed	When Ali and Sam sashay down the aisle we will be there to salute them. We are so exultant for them. We wish them many years of yankees and redsox in their mixed marriage.
cavort, ridicule, relieved, excitement, wonder, overdue	When Ali and Sam cavort down the aisle we will be there to ridicule them. We are so relieved for them. We wish them many years of excitement and wonder in their overdue marriage.
strut, congratulate, ecstatic, love, happiness, beautiful	When Ali and Sam strut down the aisle we will be there to congratulate them. We are so ecstatic for them. We wish them many years of love and happiness in their beautiful marriage.
strut, fist-bump, thrilled, joy, happiness, lifelong 	When Ali and Sam strut down the aisle we will be there to fist-bump them. We are so thrilled for them. We wish them many years of joy and happiness in their lifelong marriage.
boogie, cheer, thrilled, laughter, good ooking, loving	When Ali and Sam boogie down the aisle we will be there to cheer them. We are so thrilled for them. We wish them many years of laughter and good ooking in their loving marriage.
waltz, cheer, happy, laughter, love, beautiful	When Ali and Sam waltz down the aisle we will be there to cheer them. We are so happy for them. We wish them many years of laughter and love in their beautiful marriage.
stroll, celebrate, happy, joy, compassion, experience of	When Ali and Sam stroll down the aisle we will be there to celebrate them. We are so happy for them. We wish them many years of joy and compassion in their experience of marriage.
walk, celebrate, happy, happiness, love, long	When Ali and Sam walk down the aisle we will be there to celebrate them. We are so happy for them. We wish them many years of happiness and love in their long marriage.
waltz, cheer, happy, joy, health, somewhat delayed	When Ali and Sam waltz down the aisle we will be there to cheer them. We are so happy for them. We wish them many years of joy and health in their somewhat delayed marriage.
walk, cheer, happy, love, happiness, supportive	When Ali and Sam walk down the aisle we will be there to cheer them. We are so happy for them. We wish them many years of love and happiness in their supportive marriage.
tumble, sneer at, jealous, dinner, naps, cozy	When Ali and Sam tumble down the aisle we will be there to sneer at them. We are so jealous for them. We wish them many years of dinner and naps in their cozy marriage.
walk, celebrate, pumped, chocolate chips, awkwardly positioned naps, loving	When Ali and Sam walk down the aisle we will be there to celebrate them. We are so pumped for them. We wish them many years of chocolate chips and awkwardly positioned naps in their loving marriage.
boogie, cat call, thrilled, shirt ribs, halibut, #blessed	When Ali and Sam boogie down the aisle we will be there to cat call them. We are so thrilled for them. We wish them many years of shirt ribs and halibut in their #blessed marriage.
sashay, celebrate, proud excited thrilled, dancing, fine foods, loving	When Ali and Sam sashay down the aisle we will be there to celebrate them. We are so proud excited thrilled for them. We wish them many years of dancing and fine foods in their loving marriage.
crop dust, shame, embarrassed, pain, agony, cold	When Ali and Sam crop dust down the aisle we will be there to shame them. We are so embarrassed for them. We wish them many years of pain and agony in their cold marriage.
preambulate, roister, propitious, ice cream, tryphe, callipygian	When Ali and Sam preambulate down the aisle we will be there to roister them. We are so propitious for them. We wish them many years of ice cream and tryphe in their callipygian marriage.
strut, cheer, psyched, health, happiness, badass	When Ali and Sam strut down the aisle we will be there to cheer them. We are so psyched for them. We wish them many years of health and happiness in their badass marriage.
skip, partay, stoked, love, happiness, beautiferous	When Ali and Sam skip down the aisle we will be there to partay them. We are so stoked for them. We wish them many years of love and happiness in their beautiferous marriage.
skip, cheer, elated, good health, joy, happy	When Ali and Sam skip down the aisle we will be there to cheer them. We are so elated for them. We wish them many years of good health and joy in their happy marriage.
